cocktail_id,cocktail_name,num_ingredients,ingredients,alcoholic,sugary_score,acidic,caffiene,category,glass,price
12862,Aloha Fruit punch,7,"Water, Ginger, Guava juice, Lemon juice, Pineapple, Sugar, Pineapple juice",False,2,False,False,Punch / Party Drink,Collins Glass,12.36
178359,Kiwi Martini,4,"Kiwi, Sugar Syrup, Vodka, Kiwi",True,2,False,False,Cocktail,Cocktail glass,11.69
11010,After Dinner Cocktail,4,"Apricot brandy, Triple sec, Lime, Lime",True,1,True,False,Ordinary Drink,Cocktail glass,11.53
17065,Caribbean Boilermaker,2,"Corona, Light rum",True,0,False,False,Beer,Beer pilsner,10.26
15761,Quick-sand,2,"Black Sambuca, Orange juice",True,1,False,False,Ordinary Drink,Highball glass,11.08
11055,Artillery,3,"Sweet Vermouth, Gin, Bitters",True,1,False,False,Ordinary Drink,Cocktail glass,10.76
17194,White Lady,3,"Gin, Triple Sec, Lemon Juice",True,0,False,False,Ordinary Drink,Cocktail glass,11.26
17219,Yellow Bird,4,"White Rum, Galliano, Triple Sec, Lime Juice",True,0,False,False,Cocktail,Cocktail glass,14.94
15515,Tennesee Mud,4,"Coffee, Jack Daniels, Amaretto, Whipped cream",True,1,False,True,Coffee / Tea,Coffee Mug,15.89
178327,Pineapple Paloma,6,"Tequila, Grapefruit Juice, Fresh Lime Juice, Pineapple Juice, Lime, Pepper",True,1,True,False,Cocktail,Collins glass,14.14
11117,Blue Lagoon,4,"Vodka, Blue Curacao, Lemonade, Cherry",True,2,False,False,Ordinary Drink,Highball glass,12.5
12772,Iced Coffee Fillip,2,"Kahlua, Coffee",True,1,False,True,Coffee / Tea,Coffee mug,14.49
12706,Imperial Cocktail,3,"Lime juice, Gin, Aperol",True,0,False,False,Cocktail,Cocktail glass,10.84
13535,Pink Panty Pulldowns,3,"Sprite, Pink lemonade, Vodka",True,1,False,False,Ordinary Drink,Collins Glass,12.62
17060,24k nightmare,4,"Goldschlager, Jägermeister, Rumple Minze, 151 proof rum",True,1,False,False,Shot,Shot glass,12.95
11798,Monkey Wrench,3,"Light rum, Grapefruit juice, Bitters",True,0,False,False,Ordinary Drink,Old-fashioned glass,10.79
12800,Coffee-Vodka,6,"Water, Sugar, Coffee, Vanilla, Vodka, Caramel coloring",True,2,False,True,Homemade Liqueur,Collins Glass,14.8
178354,Pink Moon,5,"Gin, Coconut Liqueur, Elderflower cordial, Lime Juice, Blackberries",True,1,False,False,Cocktail,Whiskey Glass,12.88
13026,Sangria The  Best,7,"Red wine, Sugar, Lemon, Orange, Apple, Brandy, Soda water",True,3,True,False,Punch / Party Drink,Pitcher,15.11
12186,Shanghai Cocktail,4,"Light rum, Anisette, Grenadine, Lemon",True,1,True,False,Ordinary Drink,Cocktail glass,12.48
16041,Mudslinger,3,"Southern Comfort, Orange juice, Pepsi Cola",True,1,False,False,Punch / Party Drink,Punch bowl,12.01
178362,Vodka Slime,3,"Sprite, Lime Juice, Vodka",True,1,False,False,Cocktail,Highball glass,11.36
13377,Sea breeze,3,"Vodka, Cranberry juice, Grapefruit juice",True,2,False,False,Ordinary Drink,Highball glass,11.7
15026,Kiss me Quick,5,"Cranberry vodka, Apfelkorn, Schweppes Russchian, Apple juice, Ice",True,0,False,False,Ordinary Drink,Highball glass,12.82
15092,Pysch Vitamin Light,4,"Orange juice, Apple juice, Pineapple juice, Ice",False,2,False,False,Ordinary Drink,Collins Glass,9.04
12452,Victory Collins,5,"Vodka, Lemon juice, Grape juice, Powdered sugar, Orange",True,2,True,False,Ordinary Drink,Collins glass,13.22
17204,Long Island Iced Tea,6,"Vodka, Tequila, Light rum, Gin, Coca-Cola, Lemon peel",True,2,False,False,Ordinary Drink,Highball glass,13.59
178366,Gin Lemon,4,"Gin, Lemon Juice, Lemon Peel, Ice",True,0,False,False,Cocktail,Highball glass,12.12
17120,Brain Fart,6,"Everclear, Vodka, Mountain Dew, Surge, Lemon juice, Rum",True,2,False,False,Punch / Party Drink,Punch bowl,13.27
13190,Kool-Aid Shot,5,"Vodka, Amaretto, Sloe gin, Triple sec, Cranberry juice",True,4,False,False,Shot,Old-fashioned glass,14.85
17175,Girl From Ipanema,4,"Cachaca, Lemon Juice, Agave Syrup, Champagne",True,2,False,False,Ordinary Drink,Wine Glass,11.58
178320,Banana Cream Pi,3,"Malibu Rum, Banana Liqueur, Pineapple Juice",True,1,False,False,Cocktail,Wine Glass,10.93
17241,Zombie,7,"Rum, Gold rum, 151 proof rum, Pernod, Grenadine, Lime Juice, Angostura Bitters",True,1,False,False,Cocktail,Hurricane glass,15.4
12690,Lassi - A South Indian Drink,5,"Yoghurt, Water, Cumin seed, Salt, Mint",False,0,False,False,Other / Unknown,Highball Glass,10.56
11242,Chicago Fizz,6,"Light rum, Port, Lemon, Powdered sugar, Egg white, Carbonated water",True,1,True,False,Ordinary Drink,Highball glass,13.69
178331,Bounty Hunter,5,"Rum, Coconut Liqueur, Blueberries, Pineapple Juice, Prosecco",True,1,False,False,Cocktail,Margarita glass,12.47
12870,Artillery Punch,8,"Tea, Rye whiskey, Red wine, Rum, Brandy, Benedictine, Orange juice, Lemon juice",True,2,False,False,Punch / Party Drink,Punch bowl,17.84
16943,A Gilligan's Island,4,"Vodka, Peach schnapps, Orange juice, Cranberry juice",True,4,False,False,Cocktail,Collins glass,12.25
13389,Snake Bite (UK),2,"Lager, Cider",True,0,False,False,Beer,Pint glass,11.89
11338,English Highball,5,"Brandy, Gin, Sweet Vermouth, Carbonated water, Lemon peel",True,2,False,False,Ordinary Drink,Highball glass,12.85
15813,Herbal flame,2,"Hot Damn, Tea",True,0,False,False,Coffee / Tea,Mason jar,10.33
16196,Moranguito,3,"Absinthe, Tequila, Grenadine",True,1,False,False,Shot,Shot glass,14.85
16995,Orange Whip,5,"Orange juice, Rum, Vodka, Cream, Ice",True,2,False,False,Other / Unknown,Collins Glass,12.48
16987,Irish Curdling Cow,4,"Baileys irish cream, Bourbon, Vodka, Orange juice",True,3,False,False,Cocktail,Highball glass,12.09
17256,Martinez 2,4,"Gin, Sweet Vermouth, Maraschino Liqueur, Angostura Bitters",True,1,False,False,Cocktail,Cocktail glass,11.72
15288,252,2,"151 proof rum, Wild Turkey",True,0,False,False,Shot,Shot glass,10.62
17196,Cosmopolitan,4,"Vodka, Lime juice, Cointreau, Cranberry juice",True,2,False,False,Cocktail,Cocktail glass,16.56
11118,Blue Margarita,4,"Tequila, Blue Curacao, Lime juice, Salt",True,0,False,False,Ordinary Drink,Cocktail glass,12.28
12224,Sloe Gin Cocktail,3,"Sloe gin, Dry Vermouth, Orange bitters",True,2,False,False,Ordinary Drink,Cocktail glass,11.21
13020,Sangria,6,"Red wine, Sugar, Orange juice, Lemon juice, Cloves, Cinnamon",True,2,False,False,Punch / Party Drink,Pitcher,14.92
14888,Zinger,2,"Peachtree schnapps, Surge",True,1,False,False,Soft Drink,Highball glass,11.25
17079,Baby Guinness,2,"Kahlua, Baileys irish cream",True,2,False,False,Shot,Shot glass,15.02
13938,AT&T,3,"Absolut Vodka, Gin, Tonic water",True,1,False,False,Ordinary Drink,Highball Glass,12.01
12736,Drinking Chocolate,6,"Heavy cream, Milk, Cinnamon, Vanilla, Chocolate, Whipped cream",False,0,False,False,Cocoa,Coffee mug,11.26
12854,Scottish Highland Liqueur,5,"Johnnie Walker, Honey, Angelica root, Fennel seeds, Lemon peel",True,1,False,False,Homemade Liqueur,Collins Glass,13.74
16289,Apple Grande,2,"Tequila, Apple cider",True,0,False,False,Punch / Party Drink,Punch Bowl,10.06
17249,Pegu Club,5,"Gin, Orange Curacao, Lime Juice, Angostura Bitters, Orange Bitters",True,0,False,False,Cocktail,Cocktail glass,13.11
14594,Zizi Coin-coin,4,"Cointreau, Lemon juice, Ice, Lemon",True,0,True,False,Punch / Party Drink,Margarita/Coupette glass,16.02
15346,155 Belmont,4,"Dark rum, Light rum, Vodka, Orange juice",True,2,False,False,Cocktail,White wine glass,12.78
11658,Loch Lomond,4,"Scotch, Drambuie, Dry Vermouth, Lemon peel",True,1,False,False,Ordinary Drink,Cocktail glass,15.27
11387,Frozen Daiquiri,6,"Light rum, Triple sec, Lime juice, Sugar, Cherry, Ice",True,1,False,False,Ordinary Drink,Champagne flute,14.73
12702,Lemouroudji,5,"Ginger, Water, Lemon, Sugar, Cayenne pepper",False,1,True,False,Other / Unknown,Highball Glass,9.6
11053,Arise My Love,2,"Champagne, Green Creme de Menthe",True,1,False,False,Ordinary Drink,Champagne flute,11.43
178368,Planter’s Punch,6,"Dark Rum, Orange Juice, Pineapple Juice, Grenadine, Sugar Syrup, Angostura Bitters",True,3,False,False,Cocktail,Highball glass,13.64
11008,Manhattan,6,"Sweet Vermouth, Bourbon, Angostura bitters, Ice, Maraschino cherry, Orange peel",True,2,False,False,Cocktail,Cocktail glass,13.9
17027,Zima Blaster,2,"Zima, Chambord raspberry liqueur",True,2,False,False,Ordinary Drink,Hurricane glass,10.38
15841,Mojito Extra,5,"Mint, Lemon juice, Dark rum, Club soda, Angostura bitters",True,1,False,False,Cocktail,Collins glass,12.36
17223,Abbey Martini,4,"Gin, Sweet Vermouth, Orange Juice, Angostura Bitters",True,2,False,False,Cocktail,Cocktail glass,12.85
13200,Owen's Grandmother's Revenge,4,"Whiskey, Beer, Lemonade, Ice",True,1,False,False,Ordinary Drink,Highball glass,11.52
17118,Arctic Mouthwash,3,"Maui, Mountain Dew, Ice",True,0,False,False,Punch / Party Drink,Cocktail glass,11.9
16986,Bible Belt,4,"Southern Comfort, Triple sec, Lime, Sour mix",True,1,True,False,Other / Unknown,Highball glass,11.68
12724,Sweet Bananas,3,"Milk, Banana, Honey",False,1,False,False,Shake,Highball Glass,9.05
11375,Foxy Lady,3,"Amaretto, Creme de Cacao, Light cream",True,1,False,False,Ordinary Drink,Cocktail glass,14.94
11149,Boxcar,5,"Gin, Triple sec, Lemon juice, Grenadine, Egg white",True,1,False,False,Ordinary Drink,Whiskey sour glass,14.11
11007,Margarita,4,"Tequila, Triple sec, Lime juice, Salt",True,0,False,False,Ordinary Drink,Cocktail glass,12.95
13058,Wine Punch,5,"Red wine, Lemon, Orange juice, Orange, Pineapple juice",True,2,True,False,Punch / Party Drink,Collins Glass,13.66
12402,Tom Collins,6,"Gin, Lemon juice, Sugar, Club soda, Maraschino cherry, Orange",True,1,True,False,Ordinary Drink,Collins glass,13.63
11016,Brandy Alexander,4,"Brandy, Creme de Cacao, Light cream, Nutmeg",True,1,False,False,Ordinary Drink,Whiskey Glass,11.63
17201,Hemingway Special,4,"Rum, Grapefruit Juice, Maraschino Liqueur, Lime Juice",True,1,False,False,Ordinary Drink,Cocktail glass,12.12
17831,A Furlong Too Late,3,"Light rum, Ginger beer, Lemon peel",True,0,False,False,Ordinary Drink,Highball glass,12.29
178313,Halloween Punch,6,"Cherry Juice, Orange Peel, Red Chili Flakes, Cloves, Ginger, Vodka",True,1,False,False,Punch / Party Drink,Punch bowl,14.92
14688,Freddy Kruger,3,"Jägermeister, Sambuca, Vodka",True,2,False,False,Shot,Shot glass,12.11
16295,Bleeding Surgeon,4,"Dark rum, Orange, Surge, Cranberry juice",True,2,True,False,Soft Drink,Collins glass,12.58
12097,Rum Toddy,4,"Rum, Powdered sugar, Lemon peel, Water",True,1,False,False,Ordinary Drink,Old-fashioned glass,13.47
13194,Damned if you do,2,"Whiskey, Hot Damn",True,0,False,False,Shot,Shot glass,11.76
17217,Vampiro,6,"Tequila, Tomato Juice, Orange Juice, Lime Juice, Sugar Syrup, Salt",True,2,False,False,Ordinary Drink,Old-Fashioned glass,13.75
11028,Amaretto Stinger,2,"Amaretto, White Creme de Menthe",True,2,False,False,Ordinary Drink,Cocktail glass,13.49
17015,Irish Russian,4,"Vodka, Kahlua, Coca-Cola, Guinness stout",True,3,False,False,Beer,Highball glass,15.36
17242,Bombay Cassis,6,"Gin, Creme de Cassis, Fresh Lime Juice, Ginger beer, Lime, Ginger",True,1,True,False,Cocktail,Balloon Glass,13.79
17216,Tommy's Margarita,3,"Tequila, Lime Juice, Agave syrup",True,0,False,False,Ordinary Drink,Old-Fashioned glass,10.93
15409,Danbooka,2,"Coffee, Everclear",True,0,False,True,Coffee / Tea,Coffee Mug,11.66
178349,Snowday,6,"Vodka, Amaro Montenegro, Ruby Port, Blood Orange, Angostura Bitters, Orange Peel",True,1,False,False,Cocktail,Collins glass,14.78
178344,Figgy Thyme,6,"Vodka, Honey, Figs, Thyme, Angostura Bitters, Tonic Water",True,2,False,False,Cocktail,Highball glass,13.44
12808,Creme de Menthe,5,"Sugar, Water, Grain alcohol, Peppermint extract, Food coloring",True,1,False,False,Homemade Liqueur,Collins Glass,12.57
17222,A1,4,"Gin, Grand Marnier, Lemon Juice, Grenadine",True,2,False,False,Cocktail,Cocktail glass,15.29
12718,Pineapple Gingerale Smoothie,2,"Ginger, Pineapple",False,0,False,False,Other / Unknown,Highball Glass,8.73
12672,Fruit Flip-Flop,2,"Yoghurt, Fruit juice",False,0,False,False,Other / Unknown,Highball Glass,8.16
178328,Funk and Soul,5,"Rum, Apricot Nectar, Pomegranate juice, lemon, Soda Water",True,1,False,False,Cocktail,Collins glass,12.52
15082,Royal Flush,4,"Crown Royal, Peach schnapps, Chambord raspberry liqueur, Cranberry juice",True,3,False,False,Shot,Old-fashioned glass,12.76
12708,Banana Cantaloupe Smoothie,2,"Cantaloupe, Banana",False,0,False,False,Other / Unknown,Highball Glass,9.0
12322,Strawberry Margarita,6,"Strawberry schnapps, Tequila, Triple sec, Lemon juice, Strawberries, Salt",True,0,False,False,Ordinary Drink,Cocktail glass,13.0
13731,Amaretto Sour,2,"Amaretto, Sour mix",True,2,False,False,Ordinary Drink,Collins Glass,14.45
17209,Barracuda,5,"Rum, Galliano, Pineapple Juice, Lime Juice, Prosecco",True,1,False,False,Ordinary Drink,Margarita glass,15.53
17182,Duchamp's Punch,7,"Pisco, Lime Juice, Pineapple Syrup, St. Germain, Angostura Bitters, Pepper, Lavender",True,0,False,False,Cocktail,Old-fashioned glass,14.02
14374,Absolut Evergreen,4,"Absolut Citron, Pisang Ambon, Ice, Bitter lemon",True,0,False,False,Other / Unknown,Collins Glass,12.28
12774,Masala Chai,9,"Water, Tea, Ginger, Cardamom, Cloves, Cinnamon, Black pepper, Sugar, Milk",False,1,False,False,Coffee / Tea,Coffee Mug,13.41
12782,Thai Coffee,6,"Coffee, Coriander, Cardamom, Sugar, Whipping cream, Ice",False,1,False,True,Coffee / Tea,Highball glass,11.35
11121,Bobby Burns Cocktail,4,"Sweet Vermouth, Scotch, Benedictine, Lemon peel",True,1,False,False,Ordinary Drink,Cocktail glass,16.37
178341,Orange Rosemary Collins,7,"Gin, Orange Juice, Lemon Juice, Rosemary Syrup, Soda Water, Rosemary, Orange Peel",True,2,False,False,Cocktail,Highball glass,14.75
11084,Bermuda Highball,5,"Brandy, Gin, Dry Vermouth, Carbonated water, Lemon peel",True,2,False,False,Ordinary Drink,Highball glass,12.66
11129,Boston Sour,6,"Blended whiskey, Lemon, Powdered sugar, Egg white, Lemon, Cherry",True,1,True,False,Ordinary Drink,Whiskey sour glass,14.9
14366,Lemon Drop,3,"Vodka, Cointreau, Lemon",True,1,True,False,Cocktail,Cocktail glass,14.58
17186,Clover Club,4,"Gin, Grenadine, Lemon, Egg white",True,1,True,False,Ordinary Drink,Cocktail glass,13.31
16082,Almond Chocolate Coffee,3,"Amaretto, Dark Creme de Cacao, Coffee",True,1,False,True,Ordinary Drink,Coffee mug,13.29
15951,Black Forest Shake,5,"Ice, Chocolate syrup, Cherry brandy, Vodka, Milk",True,1,False,False,Shake,Collins Glass,14.25
13068,Brave Bull Shooter,2,"Tequila, Tabasco sauce",True,0,False,False,Shot,Shot glass,11.64
16998,Bruised Heart,4,"Vodka, Chambord raspberry liqueur, Peachtree schnapps, Cranberry juice",True,3,False,False,Shot,Shot glass,12.82
178350,The Galah,5,"Dark Rum, Campari, Creme De Banane, Pineapple Juice, Lime Juice",True,0,False,False,Cocktail,Collins glass,16.17
11003,Negroni,3,"Gin, Campari, Sweet Vermouth",True,1,False,False,Ordinary Drink,Old-fashioned glass,13.28
11991,Queen Elizabeth,3,"Dry Vermouth, Gin, Benedictine",True,1,False,False,Ordinary Drink,Cocktail glass,14.44
13675,Flander's Flake-Out,2,"Sambuca, Sarsaparilla",True,0,False,False,Ordinary Drink,Collins Glass,10.41
11690,Mai Tai,5,"Light rum, Orgeat syrup, Triple sec, Sweet and sour, Cherry",True,0,False,False,Ordinary Drink,Collins glass,13.5
15178,Texas Rattlesnake,4,"Yukon Jack, Cherry brandy, Southern Comfort, Sweet and sour",True,0,False,False,Shot,Highball glass,11.7
12162,Screwdriver,2,"Vodka, Orange juice",True,2,False,False,Ordinary Drink,Highball glass,11.35
17825,Brigadier,3,"Hot Chocolate, Green Chartreuse, Cherry Heering",True,0,False,False,Cocktail,Coupe Glass,13.49
14229,747,3,"Kahlua, Baileys irish cream, Frangelico",True,2,False,False,Shot,Shot glass,17.44
14053,Mother's Milk,3,"Goldschlager, Butterscotch schnapps, Milk",True,1,False,False,Shot,Shot glass,12.15
178363,Vodka Lemon,4,"Vodka, Lemon Juice, Lemon Peel, Ice",True,1,False,False,Cocktail,Highball glass,13.35
13128,Diesel,3,"Lager, Cider, Blackcurrant cordial",True,0,False,False,Beer,Pint glass,11.71
14107,Absolut Summertime,5,"Absolut Citron, Sweet and sour, Sprite, Soda water, Lemon",True,1,True,False,Cocktail,Collins glass,13.65
178367,Ramos Gin Fizz,7,"Gin, Lemon Juice, Sugar Syrup, Cream, Egg White, Vanilla extract, Soda Water",True,2,False,False,Cocktail,Highball glass,14.55
17246,Empellón Cocina's Fat-Washed Mezcal,3,"Mezcal, Chocolate liqueur, Coffee liqueur",True,1,False,False,Cocktail,Beer Glass,11.52
14956,Jello shots,3,"Vodka, Jello, Water",True,1,False,False,Shot,Shot glass,12.52
16951,Kioki Coffee,3,"Kahlua, Brandy, Coffee",True,2,False,True,Coffee / Tea,Coffee mug,15.89
14209,Mocha-Berry,4,"Coffee, Chambord raspberry liqueur, Cocoa powder, Whipped cream",True,2,False,True,Coffee / Tea,Irish coffee cup,13.02
17827,Old Pal,3,"Rye whiskey, Campari, Dry Vermouth",True,1,False,False,Cocktail,Nick and Nora Glass,14.19
12562,Alice Cocktail,4,"Grenadine, Orange juice, Pineapple juice, Cream",False,3,False,False,Cocktail,Cocktail glass,8.76
15825,Jamaican Coffee,4,"Rum, Coffee, Water, Whipped cream",True,0,False,True,Coffee / Tea,Champagne flute,12.74
17220,Butter Baby,4,"Vanilla Ice-Cream, Butterscotch schnapps, Milk, Vodka",True,3,False,False,Shake,Beer mug,12.69
12460,Vodka And Tonic,2,"Vodka, Tonic water",True,2,False,False,Ordinary Drink,Highball glass,10.25
17252,Greyhound,2,"Vodka, Grapefruit Juice",True,2,False,False,Cocktail,Collins glass,10.55
11009,Moscow Mule,3,"Vodka, Lime juice, Ginger ale",True,2,False,False,Punch / Party Drink,Copper Mug,12.17
11146,Bourbon Sling,5,"Sugar, Water, Lemon juice, Bourbon, Lemon peel",True,1,False,False,Ordinary Drink,Highball glass,12.55
12716,Mango Orange Smoothie,2,"Mango, Orange",False,0,True,False,Other / Unknown,Highball Glass,8.38
17838,Adonis Cocktail,3,"Sweet Vermouth, Sherry, Orange bitters",True,2,False,False,Ordinary Drink,Cocktail glass,11.53
11021,Allegheny,5,"Dry Vermouth, Bourbon, Blackberry brandy, Lemon juice, Lemon peel",True,1,False,False,Ordinary Drink,Cocktail glass,13.2
11005,Dry Martini,3,"Gin, Dry Vermouth, Olive",True,1,False,False,Cocktail,Cocktail glass,10.77
16958,Apple Pie with A Crust,3,"Apple juice, Malibu rum, Cinnamon",True,0,False,False,Other / Unknown,Collins Glass,11.49
14181,Cafe Savoy,4,"Coffee, Milk, Triple sec, Brandy",True,1,False,True,Coffee / Tea,Coffee mug,12.21
16250,Rum Runner,5,"Malibu rum, Blackberry brandy, Orange juice, Pineapple juice, Cranberry juice",True,3,False,False,Punch / Party Drink,Cocktail glass,13.75
12760,Surf City Lifesaver,4,"Ouzo, Baileys irish cream, Gin, Grand Marnier",True,2,False,False,Ordinary Drink,Highball glass,15.29
15106,Apello,4,"Orange juice, Grapefruit juice, Apple juice, Maraschino cherry",False,1,False,False,Other / Unknown,Collins Glass,10.04
12754,Sex on the Beach,4,"Vodka, Peach schnapps, Cranberry juice, Orange juice",True,4,False,False,Ordinary Drink,Highball glass,11.71
14642,Grim Reaper,3,"Kahlua, 151 proof rum, Grenadine",True,2,False,False,Ordinary Drink,Old-fashioned glass,15.48
11542,Jack Rose Cocktail,3,"Apple brandy, Grenadine, Lime",True,1,True,False,Ordinary Drink,Cocktail glass,10.94
17200,Grasshopper,3,"Green Creme de Menthe, Creme de Cacao, Light cream",True,0,False,False,Ordinary Drink,Cocktail glass,12.23
12188,Sherry Eggnog,5,"Sherry, Powdered sugar, Egg, Milk, Nutmeg",True,2,False,False,Ordinary Drink,Collins glass,13.89
11664,Lone Tree Cocktail,2,"Sweet Vermouth, Gin",True,1,False,False,Ordinary Drink,Cocktail glass,10.39
12738,Hot Chocolate to Die for,5,"Chocolate, Butter, Vanilla extract, Half-and-half, Marshmallows",False,0,False,False,Cocoa,Coffee mug,9.92
12668,Egg Cream,3,"Chocolate syrup, Milk, Soda water",False,1,False,False,Other / Unknown,Coffee mug,9.39
11251,City Slicker,3,"Brandy, Triple sec, Lemon juice",True,1,False,False,Ordinary Drink,Cocktail glass,11.87
178307,Tequila Slammer,2,"Tequila, 7-up",True,0,False,False,Shot,Hurricane glass,11.62
14456,Kurant Tea,3,"Absolut Kurant, Tea, Sugar",True,1,False,False,Coffee / Tea,Champagne flute,12.38
178306,Slippery Nipple,2,"Sambuca, Irish cream",True,0,False,False,Shot,Shot glass,10.24
12138,Scotch Cobbler,5,"Scotch, Brandy, Curacao, Orange, Mint",True,1,True,False,Ordinary Drink,Old-fashioned glass,12.56
12067,Rum Cobbler,6,"Sugar, Club soda, Lemon, Dark rum, Maraschino cherry, Orange",True,1,True,False,Ordinary Drink,Old-fashioned glass,14.29
16134,Absolutly Screwed Up,4,"Absolut Citron, Orange juice, Triple sec, Ginger ale",True,2,False,False,Cocktail,Collins glass,13.48
178339,The Strange Weaver,7,"Light Rum, Gin, Sweet Vermouth, Campari, Lemon Juice, Orgeat Syrup, Orange Peel",True,1,False,False,Cocktail,Collins glass,17.19
11872,Orgasm,5,"Creme de Cacao, Amaretto, Triple sec, Vodka, Light cream",True,2,False,False,Ordinary Drink,Cocktail glass,17.03
11423,Godfather,2,"Scotch, Amaretto",True,1,False,False,Ordinary Drink,Old-fashioned glass,14.37
17218,Vesper,3,"Gin, Vodka, Lillet Blanc",True,1,False,False,Cocktail,Cocktail glass,11.64
17247,The Last Word,4,"Green Chartreuse, Maraschino Liqueur, Lime Juice, Gin",True,0,False,False,Cocktail,Cocktail glass,14.98
12091,Rum Screwdriver,2,"Light rum, Orange juice",True,1,False,False,Ordinary Drink,Highball glass,11.22
11844,New York Sour,6,"Blended whiskey, Lemon, Sugar, Red wine, Lemon, Cherry",True,1,True,False,Ordinary Drink,Whiskey sour glass,13.13
11600,Kamikaze,3,"Vodka, Triple sec, Lime juice",True,1,False,False,Ordinary Drink,Cocktail glass,11.29
11936,Pink Gin,2,"Bitters, Gin",True,0,False,False,Ordinary Drink,White wine glass,11.36
13751,Cuba Libra,4,"Dark rum, Lime, Coca-Cola, Ice",True,1,True,False,Ordinary Drink,Highball glass,11.89
13625,Screaming Orgasm,3,"Vodka, Baileys irish cream, Kahlua",True,3,False,False,Ordinary Drink,Cocktail glass,15.1
15226,Space Odyssey,6,"151 proof rum, Malibu rum, Pineapple juice, Orange juice, Grenadine, Cherries",True,3,False,False,Ordinary Drink,Highball glass,14.48
11420,Gin Toddy,4,"Gin, Water, Powdered sugar, Lemon peel",True,1,False,False,Ordinary Drink,Old-fashioned glass,13.26
16031,Radler,2,"Beer, 7-Up",True,0,False,False,Ordinary Drink,Highball glass,11.32
13070,Fahrenheit 5000,3,"Firewater, Absolut Peppar, Tabasco sauce",True,0,False,False,Shot,Shot glass,12.25
11102,Black Russian,2,"Coffee liqueur, Vodka",True,1,False,False,Ordinary Drink,Old-fashioned glass,11.96
11052,Archbishop,4,"Gin, Wine, Benedictine, Lime",True,0,True,False,Ordinary Drink,Old-fashioned glass,15.58
11025,Amaretto And Cream,2,"Amaretto, Light cream",True,1,False,False,Ordinary Drink,Cocktail glass,12.77
12798,Coffee Liqueur,5,"Coffee, Vanilla extract, Sugar, Vodka, Water",True,2,False,True,Homemade Liqueur,Collins Glass,14.2
13775,Jelly Bean,2,"Blackberry brandy, Anis",True,0,False,False,Shot,Cordial glass,11.83
178353,Apple Highball,4,"Lime, Apple Schnapps, Cognac, Ginger",True,0,True,False,Cocktail,Highball glass,12.21
178315,Munich Mule,5,"Gin, Lime Juice, Ginger Beer, Cucumber, lemon",True,0,False,False,Cocktail,Highball glass,13.09
11368,Flying Dutchman,2,"Gin, Triple sec",True,0,False,False,Ordinary Drink,Old-fashioned glass,10.26
13501,ABC,3,"Amaretto, Baileys irish cream, Cognac",True,2,False,False,Shot,Shot glass,13.48
17183,Bacardi Cocktail,4,"Light rum, Lime juice, Sugar syrup, Grenadine",True,1,False,False,Ordinary Drink,Cocktail glass,13.43
12720,Kill the cold Smoothie,3,"Ginger, Lemon, Water",False,0,True,False,Other / Unknown,Highball glass,9.37
11145,Classic Old-Fashioned,6,"Bitters, Water, Sugar, Bourbon, Orange, Maraschino cherry",True,1,True,False,Ordinary Drink,Old-fashioned glass,13.35
17168,Amaretto Sunset,4,"Triple sec, Amaretto, Cider, Ice",True,1,False,False,Ordinary Drink,Collins Glass,15.43
12130,Scooter,3,"Brandy, Amaretto, Light cream",True,2,False,False,Ordinary Drink,Cocktail glass,13.34
12694,Lassi Raita,5,"Yoghurt, Ice, Sugar, Lime, Salt",False,1,True,False,Other / Unknown,Highball Glass,9.51
17108,Coke and Drops,2,"Coca-Cola, Lemon juice",False,1,False,False,Soft Drink,Cocktail glass,7.14
13899,3 Wise Men,3,"Jack Daniels, Johnnie Walker, Jim Beam",True,0,False,False,Shot,Collins glass,11.96
16967,Vodka Fizz,5,"Vodka, Half-and-half, Limeade, Ice, Nutmeg",True,1,False,False,Other / Unknown,White wine glass,13.83
11054,Arthur Tompkins,4,"Gin, Grand Marnier, Lemon juice, Lemon peel",True,1,False,False,Ordinary Drink,Whiskey sour glass,14.25
14272,Addison Special,3,"Vodka, Grenadine, Orange juice",True,3,False,False,Cocktail,Old-fashioned glass,12.06
12190,Sherry Flip,5,"Sherry, Light cream, Powdered sugar, Egg, Nutmeg",True,2,False,False,Ordinary Drink,Nick and Nora Glass,14.05
12864,Apple Cider Punch,8,"Apple cider, Brown sugar, Lemonade, Orange juice, Cloves, Allspice, Nutmeg, Cinnamon",False,2,False,False,Punch / Party Drink,Collins Glass,11.73
12370,Tequila Sour,5,"Tequila, Lemon, Powdered sugar, Lemon, Cherry",True,1,True,False,Ordinary Drink,Whiskey sour glass,13.5
17198,French Connection,2,"Cognac, Amaretto",True,1,False,False,Ordinary Drink,Old-fashioned glass,13.93
11002,Long Island Tea,6,"Vodka, Light rum, Gin, Tequila, Lemon, Coca-Cola",True,2,True,False,Ordinary Drink,Highball glass,13.68
17834,Abbey Cocktail,4,"Gin, Orange bitters, Orange, Cherry",True,0,True,False,Ordinary Drink,Cocktail glass,11.71
11022,Allies Cocktail,3,"Dry Vermouth, Gin, Kummel",True,1,False,False,Ordinary Drink,Cocktail glass,12.19
12256,Sol Y Sombra,2,"Brandy, Anisette",True,1,False,False,Ordinary Drink,Brandy snifter,11.59
13222,Big Red,2,"Irish cream, Goldschlager",True,0,False,False,Shot,Shot glass,11.02
12762,Grizzly Bear,4,"Amaretto, Jägermeister, Kahlua, Milk",True,3,False,False,Ordinary Drink,Collins Glass,17.69
17829,Penicillin,5,"Blended Scotch, Lemon Juice, Honey syrup, Ginger Syrup, Islay single malt Scotch",True,0,False,False,Cocktail,Old-fashioned glass,13.04
17225,Ace,5,"Gin, Grenadine, Heavy cream, Milk, Egg White",True,1,False,False,Cocktail,Martini Glass,14.0
11987,Queen Bee,3,"Coffee brandy, Lime vodka, Sherry",True,1,False,False,Ordinary Drink,Cocktail glass,11.01
14306,Amaretto Stone Sour,3,"Amaretto, Sour mix, Orange juice",True,3,False,False,Other / Unknown,Collins Glass,13.9
12750,Spanish chocolate,4,"Milk, Chocolate, Cinnamon, Egg yolk",False,0,False,False,Cocoa,Coffee mug,8.71
12746,Nuked Hot Chocolate,4,"Cocoa powder, Sugar, Vanilla extract, Milk",False,2,False,False,Cocoa,Coffee mug,9.06
11019,Alfie Cocktail,3,"Lemon vodka, Triple sec, Pineapple juice",True,1,False,False,Ordinary Drink,Cocktail glass,12.13
11205,California Lemonade,6,"Blended whiskey, Lemon, Lime, Powdered sugar, Grenadine, Carbonated water",True,2,True,False,Ordinary Drink,Collins glass,13.3
13825,Midnight Manx,5,"Kahlua, Baileys irish cream, Goldschlager, Heavy cream, Coffee",True,2,False,True,Ordinary Drink,Old-fashioned glass,14.99
17250,Corpse Reviver,5,"Gin, Triple Sec, Lillet Blanc, Lemon Juice, Absinthe",True,0,False,False,Cocktail,Cocktail glass,15.96
14602,Tequila Surprise,2,"Tequila, Tabasco sauce",True,0,False,False,Shot,Shot glass,11.09
178352,Frosé,4,"Rose, Sugar, Strawberries, Lemon Juice",True,1,False,False,Cocktail,Cocktail glass,13.0
13056,Wine Cooler,3,"Red wine, Lemon-lime soda, Ice",False,0,False,False,Punch / Party Drink,Collins Glass,8.47
14095,Jamaica Kiss,4,"Coffee liqueur, Light rum, Ice, Milk",True,0,False,False,Shake,Hurricane glass,11.68
178308,Spritz Veneziano,3,"Prosecco, Aperol, Soda Water",True,2,False,False,Cocktail,Wine Glass,11.26
11024,Almond Joy,3,"Amaretto, Creme de Cacao, Light cream",True,1,False,False,Ordinary Drink,Cocktail glass,15.58
12658,Banana Strawberry Shake Daiquiri,3,"Strawberries, Banana, Apple juice",False,0,False,False,Shake,Cocktail Glass,8.74
15427,Grand Blue,4,"Malibu rum, Peach schnapps, Blue Curacao, Sweet and sour",True,1,False,False,Ordinary Drink,Old-fashioned glass,11.51
14610,ACID,2,"151 proof rum, Wild Turkey",True,0,False,False,Shot,Shot glass,10.69
178326,White Wine Sangria,7,"Lime, lemon, White Wine, Strawberries, Apple, Apple Brandy, Soda Water",True,1,True,False,Punch / Party Drink,Pitcher,15.7
13036,Strawberry Lemonade,4,"Lemon, Sugar, Strawberries, Water",False,1,True,False,Punch / Party Drink,Collins Glass,8.83
17203,Kir,2,"Creme de Cassis, Champagne",True,2,False,False,Ordinary Drink,Wine Glass,11.85
12726,Tomato Tang,3,"Tomato juice, Lemon juice, Celery salt",False,0,False,False,Other / Unknown,Highball glass,9.36
13206,Caipirissima,4,"Lime, Sugar, White rum, Ice",True,1,True,False,Ordinary Drink,Collins Glass,11.54
12876,Berry Deadly,4,"Everclear, Wine, Orange juice, Kool-Aid",True,1,False,False,Punch / Party Drink,Collins Glass,12.15
17224,Absolutely Fabulous,3,"Vodka, Cranberry Juice, Champagne",True,2,False,False,Cocktail,Champagne flute,10.77
12744,Microwave Hot Cocoa,6,"Sugar, Cocoa powder, Salt, Water, Milk, Vanilla extract",False,2,False,False,Cocoa,Coffee mug,11.9
12418,Turf Cocktail,5,"Dry Vermouth, Gin, Anis, Bitters, Orange peel",True,1,False,False,Ordinary Drink,Cocktail glass,14.02
178333,Raspberry Julep,3,"Bourbon, Raspberry syrup, Mint",True,1,False,False,Cocktail,Cordial glass,12.1
11422,Godchild,3,"Vodka, Amaretto, Heavy cream",True,2,False,False,Ordinary Drink,Champagne flute,14.11
17177,Dark Caipirinha,3,"demerara Sugar, Lime, Cachaca",True,0,True,False,Cocktail,Highball glass,11.82
13936,Miami Vice,3,"151 proof rum, Pina colada mix, Daiquiri mix",True,0,False,False,Cocktail,Cocktail glass,11.65
14482,Darkwood Sling,4,"Cherry Heering, Soda water, Orange juice, Ice",True,2,False,False,Soft Drink,Cocktail glass,12.01
12728,Yoghurt Cooler,3,"Yoghurt, Fruit, Ice",False,0,False,False,Other / Unknown,Highball Glass,8.58
16985,Shot-gun,3,"Jim Beam, Jack Daniels, Wild Turkey",True,0,False,False,Shot,Shot glass,11.83
17839,Affair,4,"Strawberry schnapps, Orange juice, Cranberry juice, Club soda",True,2,False,False,Ordinary Drink,Highball glass,12.6
11766,Midnight Cowboy,3,"Bourbon, Dark rum, Heavy cream",True,0,False,False,Ordinary Drink,Cocktail glass,10.8
12768,Frappé,3,"Coffee, Milk, Sugar",False,1,False,True,Coffee / Tea,Highball Glass,8.46
15224,Malibu Twister,3,"Malibu rum, Tropicana, Cranberry juice",True,1,False,False,Cocktail,Highball glass,12.25
17187,Derby,3,"gin, Peach Bitters, Mint",True,0,False,False,Ordinary Drink,Cocktail glass,11.59
12796,Caribbean Orange Liqueur,3,"Orange, Vodka, Sugar",True,2,True,False,Homemade Liqueur,Collins Glass,11.3
11012,Alabama Slammer,4,"Southern Comfort, Amaretto, Sloe gin, Lemon juice",True,2,False,False,Ordinary Drink,Highball glass,14.79
17253,Paloma,2,"Grape Soda, Tequila",True,0,False,False,Cocktail,Collins glass,10.25
178335,Lazy Coconut Paloma,3,"Coconut Liqueur, Grapefruit Juice, Soda Water",True,2,False,False,Cocktail,Highball glass,11.39
13202,Flaming Dr. Pepper,5,"Amaretto, Vodka, 151 proof rum, Dr. Pepper, Beer",True,2,False,False,Shot,Collins Glass,16.83
178338,Pure Passion,6,"Rum, Passoa, Lime Juice, Passion fruit syrup, Peach Bitters, Mint",True,0,False,False,Cocktail,Whiskey sour glass,14.38
11006,Daiquiri,3,"Light rum, Lime, Powdered sugar",True,1,True,False,Ordinary Drink,Cocktail glass,12.27
11407,Gin Cooler,5,"Gin, Carbonated water, Powdered sugar, Orange spiral, Lemon peel",True,2,False,False,Ordinary Drink,Collins glass,13.3
11164,Brandy Flip,5,"Brandy, Egg, Sugar, Light cream, Nutmeg",True,2,False,False,Ordinary Drink,Whiskey sour glass,13.71
12055,Royal Fizz,4,"Gin, Sweet and sour, Egg, Coca-Cola",True,1,False,False,Ordinary Drink,Collins glass,12.84
14978,Rum Punch,5,"Rum, Ginger ale, Fruit punch, Orange juice, Ice",True,2,False,False,Punch / Party Drink,Punch bowl,13.85
12528,White Russian,3,"Vodka, Coffee liqueur, Light cream",True,1,False,False,Ordinary Drink,Old-fashioned glass,12.38
12856,Tia-Maria,5,"Water, Brown sugar, Coffee, Rum, Vanilla extract",True,0,False,True,Homemade Liqueur,Collins Glass,13.59
15006,Turkeyball,3,"Wild Turkey, Amaretto, Pineapple juice",True,2,False,False,Shot,Shot glass,16.2
11255,Clove Cocktail,3,"Sweet Vermouth, Sloe gin, Wine",True,2,False,False,Ordinary Drink,Cocktail glass,11.82
16990,Sweet Tooth,2,"Godiva liqueur, Milk",True,0,False,False,Shake,Highball Glass,10.63
15933,Zambeer,3,"Sambuca, Root beer, Ice",True,1,False,False,Soft Drink,Collins Glass,11.17
11157,Brandy Cobbler,6,"Sugar, Club soda, Lemon, Brandy, Maraschino cherry, Orange",True,2,True,False,Ordinary Drink,Old-fashioned glass,13.48
14588,151 Florida Bushwacker,8,"Malibu rum, Light rum, 151 proof rum, Dark Creme de Cacao, Cointreau, Milk, Coconut liqueur, Vanilla ice-cream",True,0,False,False,Shake,Beer mug,19.4
178356,Butterfly Effect,7,"Raspberry Vodka, Cranberry Juice, Lemonade, Blue Curacao, Sugar Syrup, Lime Juice, Mint",True,2,False,False,Cocktail,Hurricane glass,14.8
12752,Lemon Shot,5,"Galliano, Absolut Citron, Lemon, Sugar, 151 proof rum",True,1,True,False,Shot,Shot glass,15.57
12107,Salty Dog,3,"Grapefruit juice, Gin, Salt",True,0,False,False,Ordinary Drink,Highball glass,11.84
14071,Belgian Blue,4,"Vodka, Coconut liqueur, Blue Curacao, Sprite",True,1,False,False,Soft Drink,Highball glass,12.93
178321,Amaretto fizz,4,"Amaretto, Orange Juice, White Wine, Orange Peel",True,2,False,False,Cocktail,Collins glass,15.22
178316,Honey Bee,3,"White Rum, Honey, Lemon Juice",True,1,False,False,Cocktail,Margarita glass,12.61
17830,Corn n Oil,5,"Lime, Falernum, Angostura Bitters, Añejo rum, blackstrap rum",True,0,True,False,Cocktail,Old-fashioned glass,14.23
12087,Rum Milk Punch,4,"Light rum, Milk, Powdered sugar, Nutmeg",True,1,False,False,Ordinary Drink,Collins glass,12.65
178355,Mountain Bramble,6,"Gin, Lemon Juice, Sugar Syrup, Blackberries, Soda Water, Mint",True,2,False,False,Cocktail,Old-fashioned glass,15.0
14157,Ziemes Martini Apfelsaft,2,"Vermouth, Apple juice",True,0,False,False,Ordinary Drink,Collins Glass,10.46
12820,Irish Cream,5,"Scotch, Half-and-half, Condensed milk, Coconut syrup, Chocolate syrup",True,0,False,False,Homemade Liqueur,Irish coffee cup,13.65
12071,Rum Cooler,3,"Rum, Lemon-lime soda, Lemon",True,0,True,False,Ordinary Drink,Collins glass,11.39
178358,Mango Mojito,7,"Lime, Mango, Mint, White Rum, Ice, Soda Water, Mango",True,1,True,False,Cocktail,Jar,15.05
17837,Adam,3,"Dark rum, Lemon juice, Grenadine",True,1,False,False,Ordinary Drink,Cocktail glass,12.0
14564,A Splash of Nash,4,"Cranberry juice, Soda water, Midori melon liqueur, Creme de Banane",True,2,False,False,Shot,Highball glass,13.08
14782,Hot Creamy Bush,3,"Irish whiskey, Baileys irish cream, Coffee",True,1,False,True,Coffee / Tea,Irish coffee cup,11.78
